,title,watch_date,intro,url,rating
0,世界奇妙物语 2022夏季特别篇 / 世にも奇妙な物語'22夏の特別編,2022-07-12,2022-06-18(日本) / 有田哲平 / 东根作寿英 / 绀野真昼 / 山本美月 / 生田绘梨花 / 伊礼姬奈 / 稻叶友 / 神尾佑 / 森口瑶子 / 绫田俊树 / 樋口日奈 / 小岛藤子 / 北山宏光 / 滨津隆之 / 日本 / 植田泰史 / 城宝秀则 / 106分钟 / 世界奇妙物语 2022夏季特别篇 / 剧情 / 科幻 / 恐怖 / 相馬光 / 天本絵美 / 荒木哉仁 / バイク川崎バイク / 日语,https://movie.douban.com/subject/35914301/,4
1,"安娜 / 안나
                             / 第二个安娜 / 두 번째 안나",2022-07-02,2022-06-24(韩国) / 裴秀智 / 郑恩彩 / 金俊翰 / 朴艺荣 / 禹贤 / 韩国 / 李祖英 / 60分钟 / 安娜 / 剧情 / 李祖英 Zoo-Young Lee / 韩语,https://movie.douban.com/subject/35524387/,4
2,"套装 / The Outfit
                             / 誓不低头",2022-07-01,2022-02-14(柏林电影节) / 2022-03-18(美国) / 马克·里朗斯 / 佐伊·达奇 / 迪伦·奥布莱恩 / 强尼·弗林 / 妮基·阿姆卡-伯德 / 西蒙·拉塞尔·比尔 / 乔纳森·麦克莱恩 / 阿伦·梅迪扎德 / 美国 / 格拉汉姆·摩尔 / 106分钟 / 套装 / 剧情 / 犯罪 / 惊悚 / 乔纳森·麦克莱恩 Johnathan McClain / 格拉汉姆·摩尔 Graham Moore / 英语,https://movie.douban.com/subject/35372415/,4
3,"多伦多来的男人 / The Man from Toronto
                             / 来自多伦多的男人",2022-06-30,2022-06-24(美国网络) / 凯文·哈特 / 伍迪·哈里森 / 凯莉·库柯 / 贾思敏·马修斯 / 艾伦·巴金 / 莱拉·罗兰 / 凯特·德拉蒙德 / 罗布·阿切尔 / 皮尔森·福德 / 山下智久 / 罗尼·罗 / 杰森·麦克唐纳 / 简卡洛斯·卡纳拉 / 达林·贝克 / 费利佩·奥凯 / James Collins / 格里莎·帕斯特纳克 / 特洛伊·布德罗 / 辛西娅·罗恩 / 吉姆·查德 / 梅兰妮·利伯德 / 美国 / 帕特里克·休斯 / 110分钟 / 多伦多来的男人 / 喜剧 / 动作 / 惊悚 / 罗比·福克斯 Robbie Fox / 克里斯·布雷姆纳 Chris Bremner / 杰森·布鲁门塔尔 Jason Blumenthal / 英语,https://movie.douban.com/subject/34959527/,4
4,"纸钞屋(韩版) / 종이의 집
                             / 纸钞屋：共同经济区 / 韩版纸钞屋",2022-06-28,2022-06-24(韩国) / 刘智泰 / 金允珍 / 朴海秀 / 全钟瑞 / 李元宗 / 金智勋 / 张允柱 / 李玹雨 / 金智训 / 李奎浩 / 金成伍 / 朴明勋 / 李主傧 / 朴柾佑 / 韩国 / 金弘善 / 75分钟 / 纸钞屋(韩版) / 剧情 / 动作 / 犯罪 / 悬疑 / 惊悚 / 柳勇在 Yoo Yong Jae / 韩语,https://movie.douban.com/subject/35273085/,3
5,"社内相亲 / 사내 맞선
                             / 我和总裁相了个亲 / A Business Proposal",2022-06-23,2022-02-28(韩国) / 安孝燮 / 金世正 / 金旻奎 / 薛仁雅 / 李德华  / 崔秉灿 / 郑英珠 / 金光奎 / 宋元锡 / 裴优熙 / 金贤淑 / 林基雄 / 尹相贞 / 徐惠媛 / 李基英 / 闵孝元 / 崔京敏 / 李秀贞 / 金英雅 / 韩知晓 / 朴载俊 / 黄宝罗 / 金正英 / 裴琉璃 / 韩国 / 朴善浩 / 60分钟 / 社内相亲 / 喜剧 / 爱情 / 韩雪熙 Seol Hee Han / 韩语,https://movie.douban.com/subject/35400242/,3
6,"我们的蓝调 / 우리들의 블루스
                             / 我们的布鲁斯 / 我们的蓝调时光",2022-06-23,2022-04-09(韩国) / 李秉宪 / 申敏儿 / 车胜元 / 金宇彬 / 韩智敏 / 李姃垠 / 严正化 / 金惠子 / 高斗心 / 朴智焕 / 崔英俊 / 卢润序 / 安泰琳 / 柳海准 / 裴贤圣 / 曹惠静 / 金光奎 / 白承道 / 金雅颂 / 金宰元 / 申达琪 / 洪贞敏 / 延诗宇 / 姜仁锡 / 郑艺绿 / 南规熙 / 尹炳熙 / 金永敏 / 郑恩惠 / 朴智雅 / 金河彦 / 朴相元 / 李韶星  / 奇昭侑 / 金知星 / 金政焕 / 闵智雅 / 崔秉默 / 崔承京 / 杨姬瓊 / 郑成日 / 玄奉植 / 韩国 / 金奎泰 / 60分钟 / 我们的蓝调 / 剧情 / 卢熙京 Hee-Kyung Noh / 韩语,https://movie.douban.com/subject/35441504/,3
7,"还魂 / 환혼
                             / Alchemy of Souls / Return",2022-06-22,2022-06-18(韩国) / 李宰旭 / 郑素敏 / 黄旼炫 / 申承浩 / 刘俊相 / 吴娜拉 / 刘仁秀 / 崔乂园 / 赵在允 / 朴恩惠 / 李度京 / 洪瑞熙 / 任哲秀 / 姜京宪 / 朴素珍 / 高允贞 / 李河汩 / 郑智安 / 金永今 / 崔志浩 / 周锡泰 / 崔光一 / 朱相昱 / 朴炳垠 / 沈昭英 / 禹贤 / 具裕珍 / 裴康熙 / 延吾 / 车容学 / 韩国 / 朴俊和 / 还魂 / 奇幻 / 古装 / 洪静恩 Jeong-eun Hong / 洪美兰 Mi-ran Hong / 韩语,https://movie.douban.com/subject/35335941/,5
8,"现在开始作秀时间 / 지금부터 쇼타임
                             / 现在开始是Showtime！/ Showtime Begins!",2022-06-19,2022-04-23(韩国) / 朴海镇 / 徐东贤 / 韩霄瑗 / 秦基周 / 韩国 / 李亨民 / 现在开始作秀时间 / 喜剧 / 爱情 / 奇幻 / 河允雅 Ha Yoon-Ah / 韩语,https://movie.douban.com/subject/35498974/,2
9,"独立日 / Independence Day
                             / ID4星际终结者(台) / 天煞-地球反击战(港)",2022-06-13,1996-07-02(加拿大) / 1996-07-03(美国) / 威尔·史密斯 / 杰夫·高布伦 / 比尔·普尔曼 / 玛丽·麦克唐纳 / 贾德·赫希 / 罗伯特·劳吉亚 / 兰迪·奎德 / 玛格丽特·柯林 / 薇薇卡·福克斯 / 詹姆斯·瑞布霍恩 / 哈维·费斯特恩 / 亚当·鲍德温 / 布伦特·斯皮内 / 詹姆斯·杜瓦尔 / 莉萨·雅克布 / 杰赛普·安德鲁斯 / 罗斯·巴格利 / 比尔·斯米托洛维奇 / 梅·惠特曼 / 小哈里·康尼克 / 绮尔斯腾·瓦伦 / 约翰·斯托里 / 弗兰克·诺瓦克 / 德文·古梅尔萨尔 / 吉姆·皮多克 / 罗伯特·派恩 / 皮特·J.卢卡斯 / 小理察·斯贝特 / Anthony Crivello / 巴里·德尔·舍曼 / 克里斯托弗·康纳德 / 格雷格·科林斯 / 维恩·维尔德森 / 珍娜·马瑞·霍普 / 兰斯·霍华德 / Adam Tomei / 金伯莉·贝克 / 卡德罗莎·奥娜·卡罗尔 / 德里克·韦伯斯特 / 安德鲁·凯加 / 约翰·贝内特·派瑞 / 卡洛斯·拉卡马拉 / 丹·劳里亚 / 杰·阿克沃内 / 拉法埃尔·沙巴拉格 / 利兰·奥瑟 / Darla Rae / Jon Matthews / Daren Dochterman / 鲍比·霍希 / 加里·A·赫克 / 美国 / 罗兰·艾默里奇 / 145分钟 / 154分钟(特别版) / 独立日 / 动作 / 科幻 / 冒险 / 灾难 / Roland Emmerich / Dean Devlin / 英语,https://movie.douban.com/subject/1293013/,3
10,"翻译疑云 / Les Traducteurs
                             / 叛译同谋(港) / The Translators",2022-06-12,2019-11-23(佛朗哥乌兹克电影节) / 2020-01-29(法国) / 朗贝尔·维尔森 / 欧嘉·柯瑞兰寇 / 里卡多·斯卡马乔 / 西瑟·巴比特·科努德森 / 爱德华多·诺列加 / 埃里克斯·劳瑟 / 安娜·玛丽亚·斯图姆 / 弗雷德里克·周 / 玛丽亚·莱特 / 马诺利斯·马诺里斯 / 莎拉·纪欧多 / 帕特里克·波查 / 塞尔盖·内斯特连科 / 米格伦·米切夫 / 伊琳娜·穆雷勒 / 凯斯特·洛夫莱斯 / 雅各布·乌尔里克·罗曼 / 米歇尔‧邦波 / 丹尼尔·普雷斯利 / 马克·阿诺 / 法国 / 比利时 / 雷吉斯·罗因萨尔 / 105分钟 / 翻译疑云 / 悬疑 / 惊悚 / 罗曼·康宁 Romain Compingt / 丹尼尔·普雷斯利 Daniel Presley / 雷吉斯·罗因萨尔 Régis Roinsard / 意大利语 / 葡萄牙语 / 丹麦语 / 俄语 / 法语 / 英语 / 希腊语 / 汉语普通话 / 西班牙语,https://movie.douban.com/subject/30145117/,3
11,"唐顿庄园2 / Downton Abbey: A New Era
                             / 唐顿庄园电影版2 / 唐顿庄园：全新世代(港/台)",2022-06-11,2022-04-27(法国) / 2022-04-29(英国) / 2022-05-20(美国) / 2022-05-20(中国大陆) / 米歇尔·道克瑞 / 休·博纳维尔 / 伊丽莎白·麦戈文 / 玛吉·史密斯 / 劳拉·卡尔迈克尔 / 吉姆·卡特 / 布兰登·柯伊尔 / 凯文·道尔 / 琼安·弗洛加特 / 哈利·海顿-佩顿 / 罗伯·詹姆斯-克里尔 / 艾伦·里奇 / 菲利斯·洛根 / 索菲 麦希拉 / 塔彭丝·米德尔顿 / 莱斯利·尼科尔 / 艾美达·斯丹顿 / 佩内洛普·威尔顿 / 纳塔莉·贝伊 / 萨曼莎·邦德 / 拉奎尔·卡西迪 / 迈克尔·福克斯 / 休·丹西 / 乔纳森·考尔 / 苏·乔斯顿 / 道格拉斯·瑞斯 / 劳拉·哈德克 / 乔纳森·扎凯 / 多米尼克·韦斯特 / 亚历克斯·麦奎因 / 查理·沃森 / 保罗·柯普雷 / 奥利维耶·克拉弗里 / 罗斯·格林 / 尼克·欧文福特 / 戴维·罗布 / 英国 / 美国 / www.focusfeatures.com/downton-abbey/ / 西蒙·柯蒂斯 / 124分钟 / 120分钟(中国大陆) / 唐顿庄园2 / 剧情 / 爱情 / 朱利安·费罗斯 Julian Fellowes / 英语,https://movie.douban.com/subject/35008440/,5
12,"德州电锯杀人狂 / Texas Chainsaw Massacre
                             / 德州电锯杀人狂2022 / 德州电锯杀人狂重启版",2022-06-10,2022-02-18(美国网络) / 莎拉·亚金 / 艾尔西·费舍尔 / 马克·伯恩汉姆 / 约翰·拉尔奎特 / 雅各布·拉提摩尔 / 莫·邓福德 / 欧文·弗热瑞 / 杰西卡·阿莱恩 / 尼尔·哈德森 / 威廉·霍普 / 艾丽丝·克里奇 / 山姆·道格拉斯 / 乔林·科伊 / 美国 / 大卫·布鲁·加西亚 / 84分钟 / 德州电锯杀人狂 / 惊悚 / 恐怖 / 克里斯·托马斯·戴弗林 Chris Thomas Devlin / 费德·阿尔瓦雷兹 Fede Alvarez / 罗多·赛亚格斯 Rodo Sayagues / 金·亨克尔 Kim Henkel / 托比·霍珀 Tobe Hooper / 英语,https://movie.douban.com/subject/34967407/,2
13,"结婚白皮书 / 결혼백서
                             / marriagewhitepaper",2022-06-10,2022-05-23(韩国) / 李阵郁 / 李沇熹 / 宋镇宇 / 黄胜妍 / 金妍珠 / 金美京 / 林河龙 / 尹有善 / 吉勇宇 / 韩国 / 徐柱元 / 30分钟 / 结婚白皮书 / 爱情 / 崔怡朗 / 韩语,https://movie.douban.com/subject/35691910/,4
14,"与神同行：罪与罚 / 신과함께-죄와 벌
                             / 与神同行 / 与神一起",2022-06-06,2017-12-20(韩国) / 河正宇 / 车太贤 / 朱智勋 / 金香起 / 金东旭 / 艺秀晶 / 李政宰 / 吴达洙 / 林元熙 / 都暻秀 / 张光 / 郑海钧 / 金荷娜 / 金海淑 / 金秀安 / 马东锡 / 刘俊相 / 罗哲 / 金永 / 姜吉宇 / 李璟荣 / 金基政 / 郑顺元 / 李胜俊 / 薛诗妍 / 刘洙彬 / 尹志温 / 吴熙俊 / 金秀路 / 郑智妍 / 吴敏俊 / 洪仁 / 具承贤 / 李浚赫 / 郑志薰 / 李胜浚 / 杨志洙 / 元东延 / 权秀贞 / 太元硕 / 姜多贤 / 南一祐 / 成侑彬 / 金智安 / 韩国 / 金容华 / 139分钟 / 与神同行：罪与罚 / 剧情 / 奇幻 / 金容华 Yong-hwa Kim / 韩语,https://movie.douban.com/subject/11584016/,2
15,"完美陌生人 / Perfetti sconosciuti
                             / 完美谎情(港) / 波动的信息分享",2022-06-05,2016-02-11(意大利) / 2018-05-25(中国大陆) / 马可·贾利尼 / 卡夏·斯穆特尼亚克 / 爱德华多·莱奥 / 阿尔芭·罗尔瓦赫尔 / 瓦莱里奥·马斯坦德雷亚 / 安娜·福列塔 / 朱塞佩·巴蒂斯通 / 贝内黛塔·波尔卡罗利 / 伊丽莎白·德·帕罗奥 / 意大利 / 保罗·杰诺维塞 / 97分钟 / 96分钟(中国大陆) / 完美陌生人 / 剧情 / 喜剧 / 保罗·格诺维瑟 Paolo Genovese / 菲利波·博洛尼亚 Filippo Bologna / 保罗·克斯泰拉 Paolo Costella / 宝拉·马米妮 Paola Mammini / 罗兰多·拉维洛 Rolando Ravello / 意大利语,https://movie.douban.com/subject/26614893/,4
16,"黑客帝国 / The Matrix
                             / 22世纪杀人网络(港) / 廿二世纪杀人网络(港)",2022-06-04,1999-03-31(美国) / 2000-01-14(中国大陆) / 基努·里维斯 / 劳伦斯·菲什伯恩 / 凯瑞-安·莫斯 / 雨果·维文 / 格洛丽亚·福斯特 / 乔·潘托里亚诺 / 马库斯·钟 / 朱利安·阿拉汗加 / 马特·多兰 / 贝琳达·麦克洛里 / 安东尼雷派克 / 罗伯特·泰勒 / 阿达·尼科德莫 / 罗温·维特 / 塔玛拉·布朗 / 纳塔莉·特珍 / 比尔·扬 / 克里斯·斯科特 / 纳许·埃哲顿 / 户田惠子 / 沈晓谦 / 童自荣 / 保罗·戈达德 / 金永钢 / 张磊 / 美国 / 莉莉·沃卓斯基 / 拉娜·沃卓斯基 / 136分钟 / 黑客帝国 / 动作 / 科幻 / 安迪·沃卓斯基 Andy Wachowski / 拉娜·沃卓斯基 Lana Wachowski / 英语,https://movie.douban.com/subject/1291843/,5
17,"星际穿越 / Interstellar
                             / 星际启示录(港) / 星际效应(台)",2022-06-03,2014-11-07(美国) / 2014-11-12(中国大陆) / 2020-08-02(中国大陆重映) / 马修·麦康纳 / 安妮·海瑟薇 / 杰西卡·查斯坦 / 麦肯吉·弗依 / 卡西·阿弗莱克 / 迈克尔·凯恩 / 马特·达蒙 / 蒂莫西·柴勒梅德 / 艾伦·伯斯汀 / 约翰·利思戈 / 韦斯·本特利 / 大卫·吉亚西 / 比尔·欧文 / 托弗·戈瑞斯 / 科莱特·沃夫 / 弗朗西斯·X.麦卡蒂 / 安德鲁·博尔巴 / 乔什·斯图沃特 / 莱雅·卡里恩斯 / 利亚姆·迪金森 / 杰夫·赫普内尔 / 伊莱耶斯·加贝尔 / 布鲁克·史密斯 / 大卫·奥伊罗 / 威廉姆·德瓦内 / 拉什·费加 / 格里芬·弗雷泽 / 弗洛拉·诺兰 / 美国 / 英国 / 加拿大 / 克里斯托弗·诺兰 / 169分钟 / 星际穿越 / 剧情 / 科幻 / 冒险 / 乔纳森·诺兰 Jonathan Nolan / 克里斯托弗·诺兰 Christopher Nolan / 英语,https://movie.douban.com/subject/1889243/,5
18,"隐秘而伟大 / 은밀하게 위대하게
                             / 3个特攻美少年(港) / 伟大的隐藏者(台)",2022-06-02,2013-06-05(韩国) / 金秀贤 / 李玹雨 / 朴基雄 / 李彩英 / 孙贤周 / 高昌锡 / 金成均 / 张光 / 朴恩斌 / 崔宇植 / 严泰九 / 申正根 / 赵勇进 / 金范来 / 元贤俊 / 朴惠淑 / 姜恩卓 / 柳俊 / 利旻 / 洪景仁 / 具承贤 / 李妍京 / 朴辉顺 / 朱铉 / 成侑彬 / 高仁范 / 李相宝 / 文元柱 / 郑煐禥 / 韩国 / www.eunwe-movie.kr / 张哲洙 / 124分钟 / 133分钟(加长版) / 隐秘而伟大 / 喜剧 / 动作 / 尹洪基 Hong-gi Yoon / 金方贤 / 韩语,https://movie.douban.com/subject/6057942/,3
19,"青年警察 / 청년경찰
                             / 菜鸟警校生(台) / Midnight Runners",2022-06-02,2017-08-09(韩国) / 朴叙俊 / 姜河那 / 朴河宣 / 成东日 / 裴侑蓝 / 高俊 / 李世熙 / 李胜熙 / 金亨硕 / 申载敏 / 郑义順 / 林智亨 / 李恩泉 / 刘庆秀 / 黄灿盛 / 李圭成 / 金敏松 / 吴宥珍 / 禹尚基 / 金圭白 / 李秀仁 / 车始元 / 金英雅 / 李承熙 / 金其范 / 边佑锡 / 郑元中 / 智燦 / 李芝恩 / 李俊赫 / 姜敏泰 / 金姜贤 / 郑多恩 / 李浩贞 / 徐正妍 / 崔宏一 / 李元尚 / 金河燕 / 南文哲 / 吴宥真 / 韩国 / 金周焕 / 109分钟 / 青年警察 / 喜剧 / 动作 / 犯罪 / 金周煥 Kim Joo-Hwan / 韩语,https://movie.douban.com/subject/26892281/,4
20,"记忆大师
                             / 记忆战 / 催眠大师2",2022-06-02,2017-04-23(北京电影节) / 2017-04-28(中国大陆) / 黄渤 / 段奕宏 / 徐静蕾 / 杨子姗 / 梁杰理 / 许玮甯 / 王真儿 / 焦刚 / 张隽溢 / 杜函梦 / 栾元晖 / 曹英睿 / 何禄 / 约恩·奥布赖恩 / 赵慧仙 / 胡明 / 邵胜杰 / 靳锦 / 常进 / 阿尼莎·沙阿 / 吴玉芳 / 杨凯迪 / 许薇 / 高叶 / 郑楚一 / 孟宇 / 王瑶 / 郑小毛 / 郑奇 / 李燕生 / 杜翊 / 蒙西乍·布涅西迪索邦 / 许芳铱 / 帕尔集拉·莱尔达韦威德 / 中国大陆 / 陈正道 / 119分钟 / 悬疑 / 惊悚 / 任鹏 Peng Ren / 陈正道 Leste Chen / 汉语普通话,https://movie.douban.com/subject/25884801/,2
21,"两杆大烟枪 / Lock, Stock and Two Smoking Barrels
                             / 够姜四小强(港) / 两根枪管(台)",2022-06-01,1998-08-28(英国) / 杰森·弗莱明 / 德克斯特·弗莱彻 / 尼克·莫兰 / 杰森·斯坦森 / 斯蒂文·麦金托什 / 斯汀 / 维尼·琼斯 / 维克多·麦奎尔 / 安德鲁·蒂曼 / 马修·沃恩 / 薇拉·黛 / 弗兰克·哈珀 / 杰克·亚伯拉罕 / 史蒂夫·斯威尼 / 罗尼·福克斯 / 丹尼·约翰-儒勒 / 阿兰·福德 / 瓦斯·布莱克伍德 / Lenny McLean / 尼古拉斯·罗尔 / P.H.莫里亚蒂 / 斯蒂芬·马库斯 / 罗伯·布莱顿 / 英国 / 盖·里奇 / 107分钟 / 115分钟(导演剪辑版) / 两杆大烟枪 / 剧情 / 喜剧 / 犯罪 / Guy Ritchie / 英语,https://movie.douban.com/subject/1293350/,5
22,"源代码 / Source Code
                             / 启动原始码(台) / 危机解密(港)",2022-05-31,2011-03-11(西南偏南电影节) / 2011-04-01(美国) / 2011-08-30(中国大陆) / 杰克·吉伦哈尔 / 维拉·法米加 / 米歇尔·莫纳汉 / 杰弗里·怀特 / 拉塞尔·皮特斯 / 詹姆斯·A·伍兹 / 迈克尔·阿登 / 乔·柯布登  / 卡斯·安瓦尔 / 波拉琴希克森 / 克雷格·汤姆斯 / 斯科特·巴库拉 / 贾森·芬尼 / 凯尔·盖特豪斯 / 美国 / 加拿大 / 邓肯·琼斯 / 93分钟 / 源代码 / 科幻 / 悬疑 / 惊悚 / 本·雷普利 Ben Ripley / 英语,https://movie.douban.com/subject/3075287/,4
23,"巴黎，我爱你 / Paris, je t'aime
                             / 我爱巴黎(港) / Paris, I Love You",2022-05-31,2006-05-18(戛纳电影节) / 2006-06-21(法国) / 朱丽叶·比诺什 / 威廉·达福 / 娜塔莉·波特曼 / 加斯帕德·尤利尔 / 热拉尔·德帕迪约 / 玛吉·吉伦哈尔 / 伊利亚·伍德 / 欧嘉·柯瑞兰寇 / 亚历山大·佩恩 / 李昕 / 伊里斯·麦康利 / 莱拉·贝蒂 / 塞瑞尔·戴思科斯 / 布鲁诺·波达里德斯 / 史蒂夫·布西密 / 芬妮·阿尔丹 / 奥利弗·施米茨 / 露德温·塞尼耶 / 玛格·马丁戴尔 / 蕾欧诺·瓦特林 / 梅尔基奥尔·德鲁埃 / 莱昂内尔·德雷 / 大卫·休莱特 / 韦斯·克雷文 / 友兰达·梦露 / 艾米莉·莫迪默 / 卢夫斯·塞维尔 / 卡塔琳娜·桑地诺·莫雷诺 / 艾米丽·欧哈娜 / 吉娜·罗兰兹 / 本·戈扎那 / 尼诺·柯塔德泽 / 尼克·诺特 / 沃尔里德·阿非基尔 / 法国 / 列支敦士登 / 瑞士 / 德国 / 美国 / 奥利维耶·阿萨亚斯 / 伊桑·科恩 / 乔尔·科恩 / 格斯·范·桑特 / 汤姆·提克威 / 沃尔特·塞勒斯 / 亚历山大·佩恩 / 杜可风 / 热拉尔·德帕迪约 / 阿方索·卡隆 / 诹访敦彦 / 希尔万·肖默 / 韦斯·克雷文 / 伊莎贝尔·科赛特 / 顾伦德·查达哈 / 文森佐·纳塔利 / 理查德·拉·格拉文斯 / 奥利弗·施米茨 / 埃曼纽·本比 / 布鲁诺·波达里德斯 / 丹妮拉·托马斯 / 120 分钟 / 巴黎，我爱你 / 剧情 / 喜剧 / 爱情 / 格斯·范·桑特 Gus Van Sant / 伊桑·科恩 Ethan Coen / 乔尔·科恩 Joel Coen / 杜可风 Christopher Doyle / 阿方索·卡隆 Alfonso Cuarón / 奥利维耶·阿萨亚斯 Olivier Assayas / 汤姆·提克威 Tom Tykwer / 亚历山大·佩恩 Alexander Payne / 诹访敦彦 Nobuhiro Suwa / 西维亚·乔迈 Sylvain Chomet / 韦斯·克雷文 Wes Craven / 英语 / 法语 / 西班牙语 / 汉语普通话 / 阿拉伯语,https://movie.douban.com/subject/1783772/,5
24,"还有明天 / 내일
                             / 明日 / 明天",2022-05-31,2022-04-01(韩国) / 金喜善 / 金路云 / 李洙赫 / 尹志温 / 金海淑 / 金英玉 / 金兴来 / 全光镇 / 金施恩 / 韩国 / 金兑玧 / 60分钟 / 还有明天 / 剧情 / 奇幻 / 朴兰 Park Ran / 김유진 / 韩语,https://movie.douban.com/subject/35426372/,2
25,"搜索 / 써치
                             / Search",2022-05-31,2020-10-17(韩国) / 郑秀晶 / 张东润 / 文晶熙 / 尹博 / 李铉旭 / 崔德门 / 崔伦齐 / 金仁宇 / 朴多妍 / 李京民 / 车智赫 / 延宇振 / 韩相祖 / 韩国 / program.tving.com/ocn/search / 林大雄 / 60分钟 / 搜索 / 惊悚 / Go Myeong-joo  고명주 / 具穆 Goo Mo / 韩语,https://movie.douban.com/subject/34926442/,2
26,"绿色妈咪会 / 그린 마더스 클럽
                             / 绿妈妈俱乐部 / Green Mothers Club",2022-05-26,2022-04-06(韩国) / 李枖原 / 秋瓷炫 / 金圭丽 / 张慧珍 / 周敏京 / 李善熙 / 朴娜恩 / 沈昭英 / 韩国 / 68分钟 / 绿色妈咪会 / 剧情 / 韩语,https://movie.douban.com/subject/35472106/,2
27,"闪亮女孩 / Shining Girls
                             / 我会回来找你 / 闪灵女孩",2022-05-23,2022-04-29(美国) / 伊丽莎白·莫斯 / 杰米·贝尔 / 瓦格纳·马拉 / 菲莉帕·苏 / 玛德琳·布鲁尔 / 克里斯托弗·邓汉 / 克里斯·乔克 / 艾米·布伦尼曼 / 乌尔里奇·汤姆森 / 迈根汉·杰拉基斯 / 埃里卡·亚历山大 / 亚历克斯·古德里奇 / 朱利安·奥夫拉多斯 / 凯伦·罗德里格斯 / 玛德琳·贝尔德 / 萨迪尔·里法伊 / 克里斯·梅斯特 / 迪安娜·里德-福斯特 / 杰森·威尔斯 / 凯文·古达尔 / 奈特·伯格 / 塔姆森·格拉瑟 / 马克·格拉佩 / Richard Cotovsky / 布赖恩·伯兰德 / 汉娜·德沃金 / 艾尔·贾里尔·麦基 / 安琪尔·佩德拉萨 / 吉奥塔·特拉卡斯 / 美国 / 米歇尔·麦克拉伦 / 戴纳·里德 / 伊丽莎白·莫斯 / 我会回来找你 / 55分钟 / 闪亮女孩 / 科幻 / 悬疑 / 惊悚 / 西尔卡·露易莎 / Alan Page / Katrina Albright Katrina Albright / Kirsa Rein Kirsa Rein / 纳莱迪·杰克逊 Naledi Jackson / 罗伦·布克斯 Lauren Beukes / 英语,https://movie.douban.com/subject/25930137/,5
28,"瞬息全宇宙 / Everything Everywhere All at Once
                             / 妈的多重宇宙(台) / 奇异女侠玩救宇宙(港)",2022-05-19,2022-03-11(西南偏南电影节) / 2022-03-25(美国) / 杨紫琼 / 许玮伦 / 关继威 / 吴汉章 / 杰米·李·柯蒂斯 / 塔丽·梅德尔 / 珍妮·斯蕾特 / 岑勇康 / 比夫·威夫 / 黎唯 / 黎明 / 李静 / 苏妮特·玛尼 / 阿隆·拉扎尔 / 切尔西·戈德史密斯 / 克雷格·亨宁森 / 安东尼·莫利纳利 / 丹·布朗 / 帕努瓦特·安东尼·纳纳肯帕诺姆 / 卡拉·玛丽·乔尔简 / 兰达尔·阿切尔 / 埃夫卡·科瓦拉西尤斯 / 奥德丽·瓦西莱夫斯基 / 布恩·平考 / 蒂莫西·尤里齐 / 丹尼尔·施纳特 / 西协美智子 / 蒂莫西·斯科特·拉尔斯顿 / 兰迪·纽曼 / 纳拉亚纳·卡布拉尔 / D.Y. Sao / 关家永 / 美国 / 关家永 / 丹尼尔·施纳特 / 139分钟 / 瞬息全宇宙 / 喜剧 / 奇幻 / 冒险 / 丹·关 Dan Kwan / 丹尼尔·施纳特 Daniel Scheinert / 英语 / 汉语普通话 / 粤语,https://movie.douban.com/subject/30314848/,5
29,三十九 / 서른，아홉,2022-05-05,2022-02-16(韩国) / 孙艺珍 / 田美都 / 延宇振 / 金智贤 / 安昭熙 / 徐智英 / 姜末琴 / 李茂生 / 全光镇 / 吴世英 / 李泰焕 / 河善好 / 韩国 / 金尚浩 / 60分钟 / 三十九 / 爱情 / 刘英雅 Yeong-ah Yoo / 韩语,https://movie.douban.com/subject/35391190/,4
30,"轮回派对 第二季 / Russian Doll Season 2
                             / 俄罗斯娃娃：派对回旋(台) / 俄罗斯娃娃：轮回派对(港)",2022-05-05,2022-04-20(美国) / 娜塔莎·雷昂 / 安妮·墨菲 / 沙尔托·科普雷 / 瑞贝卡·亨德森 / 伊弗雷姆·赛克斯 / Anoop Desai / 卫斯理·韩 / 查理·巴奈特 / 美国 / 艾米·波勒 / 轮回派对 / 30分钟 / 轮回派对 / 剧情 / 喜剧 / 奇幻 / 冒险 / 莱丝利·海德兰德 Leslye Headland / 娜塔莎·雷昂 Natasha Lyonne / 艾米·波勒 Amy Poehler / 英语,https://movie.douban.com/subject/34429451/,3
31,"恐怖循环 / Choose or Die
                             / CURS>R / 电玩古咒",2022-04-29,2022-04-15(美国网络) / 阿萨·巴特菲尔德 / 埃迪·马森 / 罗伯特·英格兰德 / 凯特·弗利特伍德 / 瑞安·盖奇 / 安吉拉·格里芬 / 卡罗琳·朗奎 / George Taylor / 英国 / 托比·米金斯 / 恐怖循环 / 84分钟 / 恐怖循环 / 剧情 / 惊悚 / 恐怖 / 西蒙·艾伦 Simon Allen / 托比·米金斯 Toby Meakins / Matthew James Wilkinson / 英语,https://movie.douban.com/subject/34928045/,3
32,"梦魇绝镇 / From
                             / 逃离恐怖镇",2022-04-22,2022-02-20(美国) / 哈罗德·佩里诺 / 卡塔琳娜·桑地诺·莫雷诺 / 艾恩·贝利 / 汉娜·切尔敏 / 瑞奇·何 / 肖恩·摩忠德 / 大卫·阿尔帕伊 / 伊丽莎白·桑德斯 / 斯科特·麦克科德 / 佩加·贾法里 / 克洛伊·范·兰德肖特 / 科顿·摩尔 / 艾弗瑞·康拉德 / 美国 / 杰克·本德 / 逃离恐怖镇 / 梦魇绝镇 / 科幻 / 恐怖 / John Griffin / 英语,https://movie.douban.com/subject/35460437/,4
33,"我的解放日志 / 나의 해방일지
                             / 我的出走日记 / My Liberation Diary",2022-04-18,2022-04-09(韩国) / 李民基 / 金智媛 / 孙锡久 / 李艾 / 李己雨 / 姜朱夏 / 韩相祖 / 吴敏爱 / 曹民国 / 李浩英 / 李庆成 / 千虎珍 / 全慧珍 / 金罗莎 / 郑秀英 / 朴修荣 / 全秀珍 / 朴宰哲 / 李智慧 / 杨俊明 / 孔艺智 / 崔民哲 / 李秀彬 / 金秀妍 / 金宇亨 / 郑惠智 / 金敏松 / 梁素敏 / 徐智安 / 韩国 / 金锡允 / 60分钟 / 我的解放日志 / 剧情 / 朴惠英 Hae Young Park / 韩语,https://movie.douban.com/subject/35322421/,5
34,"华灯初上 第三季 / 華燈初上 第三季
                             / 华灯初上3 / 华灯初上第三部",2022-03-30,2022-03-18(中国台湾) / 林心如 / 杨谨华 / 杨祐宁 / 凤小岳 / 吴慷仁 / 霍建华 / 刘品言 / 谢琼煖 / 谢欣颖 / 郭雪芙 / 张轩睿 / 江宜蓉 / 章广辰 / 郑元畅 / 刘敬 / 王柏杰 / 修杰楷 / 林柏宏 / 王净 / 曾敬骅 / 张睿家 / 胡玮杰 / 谢雨芝 / 屈中恒 / 应采灵 / 王静莹 / 伊正 / 黄柔闽 / 朱宥丞 / 范瑞君 / 陈博正 / 何思静 / 中国台湾 / 连奕琦 / 55分钟 / 华灯初上 第三季 / 剧情 / 爱情 / 犯罪 / 悬疑 / 杜政哲 Ryan Tu / 洪立妍 Liyan Hong / 林绍谦 Jaxton Lin / 汉语普通话,https://movie.douban.com/subject/35550795/,4
35,"智异山 / 지리산
                             / Jirisan",2022-03-10,2021-10-23(韩国) / 全智贤 / 朱智勋 / 成东日 / 吴政世 / 赵汉哲 / 高旻示 / 周敏京 / 李家燮 / 朱进模 / 金国熙 / 全锡浩 / 金英玉 / 韩东浩 / 尹志温 / 严孝燮 / 柳承龙 / 孙锡久 / 金度延 / 艺秀晶 / 崔显旭 / 姜智宇 / 金民浩 / 郑时律 / 徐惠媛 / 申文成 / 元美媛 / 崔振厚 / 朱敏京 / 池承炫 / 宋镇宇 / 朴奂喜 / 李先彬 / 金圭白 / 尹尚华 / 韩国 / 李应福 / 70分钟 / 智异山 / 剧情 / 悬疑 / 金恩熙 Eun-hee Kim / 韩语,https://movie.douban.com/subject/34982936/,2
36,"午夜佩拉宫 / Pera Palas'ta Gece Yarısı
                             / Midnight at the Pera Palace",2022-03-09,2022-03-03(土耳其) / 赫再拉.卡亚 / 詹姆斯·查尔默斯 / 塞拉哈丁·帕萨利 / 土耳其 / 45分钟 / 午夜佩拉宫 / 剧情 / Charles King / Elif Usman / 土耳其语,https://movie.douban.com/subject/35763787/,4
37,"少年法庭 / 소년 심판
                             / 少年审判 / Juvenile.Justice",2022-03-04,2022-02-25(韩国) / 金惠秀 / 金武烈 / 李星民 / 李姃垠 / 李尚熙 / 朴智妍 / 申宰辉 / 琴光山 / 朴钟焕 / 金英雅 / 申达琪 / 李妍 / 宋德浩 / 朴正允 / 金俊豪 / 黄贤贞 / 尹瑞娥 / 李春 / 郑怡珠 / 金普荣 / 刘在明 / 廉惠兰 / 金周宪 / 崔智秀 / 玄奉植 / 朴美贤 / 李柱原 / 金到建 / 李珠实 / 朴玉出 / 赵美女 / 刘成柱 / 申妍宇 / 金灿亨 / 金政焕 / 赵允秀 / 朴宝庆 / 金俊盛 / 郑艺绿 / 姜彩荣 / 金根夏 / 郑秀斌 / 韩国 / 洪忠灿 / 60分钟 / 少年法庭 / 剧情 / 犯罪 / 金玟锡 Min-seok Kim / 韩语,https://movie.douban.com/subject/35248792/,4
38,"暂无出口 / No Exit
                             / 逃无可逃(台)",2022-02-27,2022-02-25(美国) / 哈瓦娜·罗丝·刘 / 丹尼·拉米雷斯 / 大卫·里达尔 / 米拉·哈里斯 / 丹尼斯·海斯伯特 / 戴尔·迪奇 / 本尼迪克特·沃尔 / 诺米·科恩 / 詹姆斯·盖林 / 丽莎·张 / 尼克·戴维斯 / 欧慧灵 / 珍·范·埃普斯 / 柯丝蒂·汉密尔顿 / 美国 / 达米恩·鲍尔 / 96分钟 / 暂无出口 / 剧情 / 惊悚 / 安德鲁·贝伦 Andrew Barrer / 加百利·法拉利 Gabriel Ferrari / 英语,https://movie.douban.com/subject/35732705/,4
39,"第九区 / District 9
                             / D-9异形禁区(港) / 第九禁区(台)",2022-02-22,2009-08-14(美国) / 2009-11-27(中国大陆) / 沙尔托·科普雷 / 詹森·库伯 / 娜塔莉·博尔特 / 茜尔雯·斯特赖克 / 约翰·萨莫尔 / 威廉·艾伦·扬 / 尼克·布雷克 / 杰德·布罗菲 / 路易斯·米纳尔 / 瓦妮莎·海伍德 / 玛丽安·胡曼 / 维多利奥·莱奥纳迪 / 曼德拉·加杜卡 / 约翰·范·肖尔 / 斯特拉·斯廷坎普 / 戴维·詹姆斯 / 肯尼思·恩科西 / 蒂姆·戈登 / 莫尔内·埃拉斯姆斯 / 尤金·孔巴尼瓦 / 赫棱基维·马德拉拉 / 西雅邦加·拉德贝 / 梅尔特·西贝尔哈亨 / 安德勒·奥登达尔 / 尼克·伯莱尼 / 罗伯特·霍布斯 / Barry Strydom / 西莫·莫加瓦扎 / 伊丽莎白玛坎达维 / 格雷格·梅尔维尔-史密斯 / Morena Busa Sesatsa / Themba Nkosi / Mzwandile Nqoba / 大卫·杜卡斯 / 美国 / 新西兰 / 加拿大 / 南非 / 尼尔·布洛姆坎普 / 112分钟 / 第九区 / 动作 / 剧情 / 科幻 / 惊悚 / 尼尔·布洛姆坎普 Neill Blomkamp / 特丽·塔歇尔 Terri Tatchell / 英语 / 尼扬贾语 / 南非荷兰语 / 祖鲁语 / 科萨语 / 塞索托语,https://movie.douban.com/subject/3006772/,5
40,"太空部队 第二季 / Space Force Season 2
                             / 太空军 / 航天军",2022-02-21,2022-02-18(美国) / 史蒂夫·卡瑞尔 / 约翰·马尔科维奇 / 本·施瓦茨 / 戴安娜·西尔弗斯 / 丽莎·库卓 / 陶尼·纽萨姆 / 欧阳万成 / 唐·雷克 / 蒂姆·麦道斯 / 泰瑞·克鲁斯 / 简·林奇 / 诺亚·艾默里奇 / 戴德里克·巴德 / 拉里·乔·坎贝尔 / 帕顿·奥斯瓦尔特 / 帕特里克·沃伯顿 / 余朝汉 / 蒂姆·周 / 欧阳少均 / 欧文·丹尼尔斯 / 阿帕纳·纳彻 / 赫克托·杜兰 / 凯莉·梅茲格 / 梅尔·塔克 / 美国 / 肯·卡皮斯 / 太空部队 / 30分钟 / 太空部队 / 喜剧 / 科幻 / 史蒂夫·卡瑞尔 Steve Carell / 金·陈 / 欧阳万成 Jimmy O. Yang / 劳伦·豪斯曼 / 布伦特·弗雷斯特 Brent Forrester / 诺姆·西斯柯克 Norm Hiscock / 马穆杜·恩迪亚耶 / 格雷格·丹尼尔斯 Greg Daniels / 英语,https://movie.douban.com/subject/35252784/,5
41,"巨型漏洞 / Bigbug
                             / 乌龙智慧管家(台)",2022-02-15,2022-02-11(法国网络) / 艾尔莎·泽贝斯坦 / 伊莎贝尔·南蒂 / 斯特凡·德·胡特 / 多米尼克·皮侬 / 奥尔本·勒努瓦 / 安德烈·杜索里埃 / 克洛德·佩隆 / 塞夫·哈杰迪 / 弗朗西斯·利范德 / 马努·佩埃特 / 克莱尔·舒斯特 / 茱莉·费瑞尔 / 法国 / 让-皮埃尔·热内 / 111分钟 / 巨型漏洞 / 喜剧 / 科幻 / 让-皮埃尔·热内 Jean-Pierre Jeunet / 纪尧姆·洛朗 Guillaume Laurant / 法语,https://movie.douban.com/subject/34891825/,5
42,"红色通缉令 / Red Notice
                             / 红色大贱谍",2022-02-14,2021-11-12(美国) / 道恩·强森 / 瑞安·雷诺兹 / 盖尔·加朵 / 里图·阿亚 / 克里斯·迪亚曼托普洛斯 / 伊万·姆巴科普 / 温琴佐·阿马托 / 帕斯卡尔·佩塔尔迪 / 塞思·迈克尔斯 / 塞巴斯蒂安·拉格 / 盖·纳尔杜利 / 罗森·马歇尔·瑟伯 / 安东尼·贝勒索 / 丹尼尔·伯哈特 / 约瑟夫·波多尔斯基 / 马丁·威廉·哈里斯 / 汤姆·蔡 / 罗伯特·克洛特沃西 / 詹姆斯·威廉·巴拉德 / 埃尔文·费利西达 / 杰伊·古铁雷斯 / 艾德·希兰 / Ray Siegle / 罗伯特·廷斯利 / 维多利亚·佩吉·沃特金斯 / 美国 / 罗森·马歇尔·瑟伯 / 117分钟 / 红色通缉令 / 喜剧 / 动作 / 犯罪 / 惊悚 / 罗森·马歇尔·瑟伯 Rawson Marshall Thurber / 英语,https://movie.douban.com/subject/30143331/,2
43,"芬奇 / Finch
                             / 芬奇的旅程 / 生化",2022-02-14,2021-11-05(美国) / 汤姆·汉克斯 / 卡赖伯·兰德里·琼斯 / 希默斯 / 洛拉·玛汀内斯-康宁安 / 玛丽·瓦根曼 / 斯基特·乌尔里奇 / 萨米拉·威利 / 美国 / 米格尔·萨普什尼克 / 115分钟 / 芬奇 / 剧情 / 科幻 / 克雷格·勒克 Craig Luck / Ivor Powell / 英语,https://movie.douban.com/subject/26897885/,5
44,"莫娣 / Maudie
                             / 彩绘心天地(台) / 茉迪的彩色小屋(台)",2022-02-14,2016-09-02(特柳赖德电影节) / 2017-08-04(爱尔兰) / 莎莉·霍金斯 / 伊桑·霍克 / 卡瑞·玛切特 / 加布里埃尔·罗斯 / 扎卡里·贝内特 / 比利·麦克莱伦 / 劳伦斯·巴里 / 格雷戈·马龙 / 玛丝·伯纳德 / 大卫·菲恩 / 凯特·罗斯 / 爱尔兰 / 加拿大 / 艾斯林·沃什 / 115分钟 / 莫娣 / 剧情 / 传记 / 爱情 / 谢丽·怀特 Sherry White / 英语,https://movie.douban.com/subject/25938803/,4
45,"黑白魔女库伊拉 / Cruella
                             / 库伊拉 / 黑白魔后(港)",2022-02-14,2021-05-28(美国/美国网络) / 2021-06-06(中国大陆) / 艾玛·斯通 / 艾玛·汤普森 / 乔尔·弗莱 / 保罗·沃尔特·豪泽 / 约翰·麦克雷 / 艾米丽·比查姆 / 马克·斯特朗 / 凯万·诺瓦克 / 柯尔比·豪威尔-巴普蒂斯特 / 詹米·德米特鲁 / 尼亚姆·林奇 / 比莉·加德斯登 / 安德鲁·梁 / 艾德·伯奇 / 迪伦·洛 / 保罗·巴泽利 / 亚伯拉罕·波波拉 / 里奥·比尔 / 妮妮特·芬奇 / 莎拉·克劳登 / 阿斯玛拉·加布里埃 / 汤姆·特纳 / 托马斯·派登 / 克里斯·雷曼 / 安部春香 / 珍妮特·亨弗瑞 / 杰奎琳·陈 / 赫梅尔妮·加利福德 / 彼得·辛格 / 保罗·乔杜里 / 蒂姆·斯蒂德 / 乔舒亚·希尔 / 简·豪 / 杰拉丁·菲茨杰拉德 / 蒂珀·塞弗特·克利夫兰 / 吉安尼·卡尔切蒂 / 贝恩·科拉科 / 妮科尔·亨布拉 / 阿图尔·夏尔马 / 艾薇·维 / 马汀·麦格 / 约翰·艾伦·罗伯茨 / 杰奎琳·拉姆娜莱恩 / 贾格·帕特尔 / 尼克·欧文福特 / 伊斯雷尔·鲁兹 / 布鲁贝尔 / 波比 / 阿尔菲 / 吉斯摩 / 昆西 / 库珀 / 贾文・普林斯 / 约翰·麦凯 / 史蒂夫·埃奇 / 美国 / 克雷格·吉勒斯佩 / 134分钟 / 黑白魔女库伊拉 / 喜剧 / 犯罪 / 达纳·福克斯 Dana Fox / 托尼·麦克纳马拉 Tony McNamara / 艾莲·布洛什·麦肯纳 Aline Brosh McKenna / 凯莉·马塞尔 Kelly Marcel / 史蒂夫·齐西斯 Steve Zissis / 道迪·史密斯 Dodie Smith / 英语,https://movie.douban.com/subject/26703121/,3
46,"不要抬头 / Don't Look Up
                             / 千万别抬头 / 别往天上看",2022-02-06,2021-12-10(美国) / 2021-12-24(美国网络) / 莱昂纳多·迪卡普里奥 / 詹妮弗·劳伦斯 / 梅丽尔·斯特里普 / 凯特·布兰切特 / 罗布·摩根 / 乔纳·希尔 / 马克·里朗斯 / 泰勒·派瑞 / 蒂莫西·柴勒梅德 / 朗·普尔曼 / 爱莉安娜·格兰德 / 卡迪小子 / 克里斯·埃文斯 / 希米什·帕特尔 / 梅兰妮·林斯基 / 迈克尔·切克利斯 / 托莫·希思黎 / 保罗·吉尔福伊尔 / 罗伯特·乔伊 / 海缇安·朴 / 朗尼·法默 / 罗斯·帕特里奇 / 列维·施瑞博尔 / 克里斯·埃弗里特 / 乔治亚·莱曼 / 帕特丽夏·德哈尼 / 本·锡德尔 / 特蕾莎·普雷恩 / 梅根·莱瑟斯 / 阿什利·班菲尔德 / 萨拉·西尔弗曼 / 乔·格拉瑟 / 博·艾伦 / 塞莱斯特·奥利瓦 / 罗曼·米蒂齐扬 / 内森·里奇曼 / 韦斯·约翰逊 / 塔玛拉·希基 / 布里安娜·温 / 爱德华德·弗莱彻 / 马科·查卡 / 托马斯·马里亚诺 / 美国 / 亚当·麦凯 / 138分钟 / 不要抬头 / 喜剧 / 科幻 / 亚当·麦凯 Adam McKay / 戴维·西罗塔 David Sirota / 英语,https://movie.douban.com/subject/34884712/,5
47,"最后的决斗 / The Last Duel
                             / 最后决斗(港)",2022-02-06,2021-09-10(威尼斯电影节) / 2021-10-15(美国) / 朱迪·科默 / 马特·达蒙 / 亚当·德赖弗 / 本·阿弗莱克 / 哈丽特·瓦尔特 / 埃里克斯·劳瑟 / 马尔顿·索克斯 / 威廉·休斯顿 / 奥利弗·科顿 / 内森奈尔·帕克 / 塔露拉·哈登 / 布瑞恩尼汉娜 / 伊恩·皮里 / 迈克尔·麦克埃尔哈顿 / 山姆·哈兹尔丁 / 克里夫·罗素 / 朱利安·弗思 / 柔伊·布鲁诺 / 亚当·那加提斯 / 卡伊姆赫·O'马莉 / 约翰·卡瓦纳 / 泽利科·伊万内克 / 克莱尔·邓恩 / 保罗·班迪 / 布朗提思·佐杜洛夫斯基 / Peter Hudson / Dimitri Michelsen / 科林·大卫·里斯 / 勃斯科·霍根 / 布莱恩F.穆尔维 / 美国 / 英国 / 雷德利·斯科特 / 152分钟 / 最后的决斗 / 剧情 / 历史 / 妮可·哈罗芬瑟 Nicole Holofcener / 本·阿弗莱克 Ben Affleck / 马特·达蒙 Matt Damon / 埃里克·贾格 Eric Jager / 英语 / 德语 / 法语 / 拉丁语,https://movie.douban.com/subject/34658290/,5
48,"误杀2
                             / Fireflies in the Sun",2022-02-05,2021-12-17(中国大陆) / 肖央 / 任达华 / 文咏珊 / 陈雨锶 / 宋洋 / 李治廷 / 张世 / 尹子维 / 姜皓文 / 陈昊 / 周楚濋 / 王昊泽 / 强巴才丹 / 张怀公 / 中国大陆 / 戴墨 / 118分钟 / 剧情 / 犯罪 / 李鹏 Peng Li / 刘吾驷 Wusi Liu / 杨梅媛 Sakura Yang / 汉语普通话,https://movie.douban.com/subject/35068653/,2
49,"窗边女孩眼中对街的屋中女子 / The Woman in the House Across the Street from the Girl in the Window
                             / 窗里女孩街对面的房中女人 / 窗边女孩与对街屋中的女子(港/台)",2022-02-05,2022-01-28(美国) / 克里斯汀·贝尔 / 汤姆·莱利 / 迈克尔·伊雷 / 瑞秋·拉姆拉斯 / 克里斯托弗·陈 / 雪莱·亨尼格 / 玛丽·霍兰 / 卡梅隆·布莱顿 / 本杰明·莱维·阿基拉 / Karen McClain / 美国 / 麦克·勒曼 / 窗边女孩眼中对街的屋中女子 / 喜剧 / 惊悚 / Hugh Davidson / Larry Dorf / 瑞秋·拉姆拉斯 Rachel Ramras / 英语,https://movie.douban.com/subject/35231990/,3
50,"爱情神话
                             / B for Busy / Myth of Love",2022-02-03,2021-12-24(中国大陆) / 徐峥 / 马伊琍 / 吴越 / 倪虹洁 / 周野芒 / 黄明昊 / 王影璐 / 宁理 / 张芝华 / 吴冕 / 冯玛娅 / 哈姆扎·穆罕默德·纳吉·萨拉米 / 孙思瀚 / 赵胤胤 / 卫莱 / 史航 / 中国大陆 / 邵艺辉 / 112分钟 / 剧情 / 喜剧 / 爱情 / 邵艺辉 Yihui Shao / 汉语普通话 / 沪语,https://movie.douban.com/subject/35376457/,4
51,"僵尸校园 / 지금 우리 학교는
                             / 僵尸学校 / 丧尸校园",2022-01-30,2022-01-28(韩国) / 尹灿荣 / 朴持厚 / 赵怡贤 / 金炳哲 / 李尚熙 / 朴所罗门 / 刘仁秀 / 李恩泉 / 禹志贤 / 李瑜美 / 陈浩恩 / 孙相渊 / 安智浩 / 裴海善 / 吴熙俊 / 申宰辉 / 尹炳熙 / 赵达焕 / 函勝敏 / 安诗河 / 尹敬浩 / 严孝燮 / 李奎炯 / 全裴修 / 郑伊书 / 安承钧 / 河胜理 / 赵智安 / 金珍英 / 林宰赫 / 李彩殷 / 金珠儿 / 吴慧秀 / 梁汉烈 / 金正妍 / 金宝仑 / 朴宰哲 / 黄宝云 / 李敏久 / 金钟泰 / 蔡东炫 / 李智贤 / 东铉培 / 韩国 / 李宰圭 / 57-72分钟 / 僵尸校园 / 惊悚 / 恐怖 / 千成日 Seong-il Cheon / 韩语,https://movie.douban.com/subject/35030325/,2
52,"开端
                             / Reset",2022-01-16,2022-01-11(中国大陆) / 白敬亭 / 赵今麦 / 刘奕君 / 刘涛 / 黄觉 / 刘丹 / 宋家腾 / 曾柯琅 / 张喜前 / 马兰 / 焦鹏 / 卜宇鑫 / 李感 / 范帅琦 / 鞠帛展 / 余沛杉 / 张龄心 / 白宇帆 / 尤靖茹 / 陈牧扬 / 任帅 / 吴其江 / 高海鹏 / 李克伟 / 赵千紫 / 马波 / 刘冠霖 / 魏伟 / 李斌 / 王宏 / 钱漪 / 陈卫 / 吴珏瑾 / 陈小妹 / 沐桐 / 乔牧 / 王汀 / 许薇 / 亦明 / 李金江 / 张浩 / 陈镜依 / 王沛禄 / 张靖岚 / 刘祉驿 / 于京田 / 丁文博 / 龙斌 / 陆星 / 王志鹏 / 柳欣言 / 孙惟嵩 / 程小刚 / 尹腾喆 / 霍雨佳 / 林子琛 / 程世宇 / 王思钦 / 郭增友 / 杨子平 / 熊巍 / 杨毅春 / 彭亚辉 / 阮样华 / 中国大陆 / 孙墨龙 / 刘洪源 / 老算 / 45分钟 / 剧情 / 祈祷君 Daojun Qi / 邱玉洁 Yujie Qiu / 老算 Passsee Mu / 黄凯文 KaiWen Huang / 袁继犀 / 魏市宁 / 汉语普通话,https://movie.douban.com/subject/35332289/,3
53,"杰伊·比姆 / Jai Bhim
                             / 万岁毕姆 / 斗争万岁",2022-01-15,2021-11-02(印度) / 苏利耶·西瓦库马 / 普拉卡什·拉贾 / Padmapriya / 拉吉莎·威嘉雅 / Lijo Mol Jose / 印度 / T.J. Gnanavel / 164分钟 / 杰伊·比姆 / 剧情 / 犯罪 / T.J. Gnanavel / 泰米尔语 / 印地语,https://movie.douban.com/subject/35652715/,4
54,"永恒族 / Eternals
                             / 永恒神族 / The Eternals",2022-01-12,2021-11-05(美国) / 嘉玛·陈 / 理查德·麦登 / 安吉丽娜·朱莉 / 萨尔玛·海耶克 / 基特·哈灵顿 / 库梅尔·南贾尼 / 莉亚·麦克休 / 布莱恩·泰里·亨利 / 劳伦·利德洛夫 / 巴里·基奥恩 / 马东锡 / 哈里什·帕特尔 / 比尔·斯卡斯加德 / 哈斯·塞雷曼 / 以扫·丹尼尔·克罗斯 / 哈里·斯泰尔斯 / 艾伦·斯科特 / 汉娜·多德 / 妮基塔·查达哈 / 格雷厄姆·福克斯 / 赞恩·阿尔·拉菲亚 / 卢西娅·埃夫斯塔希奥 / 帕顿·奥斯瓦尔特 / 大卫·卡耶 / 马赫沙拉·阿里 / 布伦达·洛伦娜·加西亚 / 吉安尼·卡尔切蒂 / 美国 / 赵婷 / 156分钟 / 永恒族 / 动作 / 科幻 / 奇幻 / 冒险 / 赵婷 Chloé Zhao / 帕特里克·伯利 Patrick Burleigh / 瑞恩·弗雷波 Ryan Firpo / 马修·弗雷波 Matthew K. Firpo / 杰克·科比 Jack Kirby / 英语 / 美国手语 / 西班牙语 / 拉丁语 / 古希腊语,https://movie.douban.com/subject/30223888/,3
55,"寂静之海 / 고요의 바다
                             / 宁静海(港/台) / 静海",2022-01-05,2021-12-24(韩国) / 裴斗娜 / 孔刘 / 李准 / 许成泰 / 金善映 / 李茂生 / 姜末琴 / 李成旭 / 崔英佑 / 郑顺元 / 刘成柱 / 金诗雅 / 车来亨 / 刘熙帝 / 吉海妍 / 孔珍书 / 韩国 / 崔项勇 / 40~51分钟 / 寂静之海 / 科幻 / 悬疑 / 惊悚 / 朴恩乔 Eun-kyo Park / 韩语,https://movie.douban.com/subject/35041036/,3
56,"华灯初上 第二季 / 華燈初上 第二季
                             / 华灯初上2 / Light The Night Part 2",2022-01-03,2021-12-30(中国台湾) / 林心如 / 杨谨华 / 杨祐宁 / 霍建华 / 吴慷仁 / 刘品言 / 谢琼煖 / 谢欣颖 / 郭雪芙 / 江宜蓉 / 凤小岳 / 刘敬 / 修杰楷 / 张轩睿 / 王柏杰 / 王静莹 / 王净 / 何思静 / 曾敬骅 / 林柏宏 / 章广辰 / 加贺美智久 / 任容萱 / 屈中恒 / 应采灵 / 林暐恒 / 马念先 / 王月 / 福地佑介 / 沈孟生 / 汤毓绮 / 朱宥丞 / 伊正 / 海裕芬 / 谢雨芝 / 张永正 / 胡玮杰 / 蔡君茹 / 钟承翰 / 陈博正 / 范瑞君 / 林哲熹 / 宋柏纬 / 郭文颐 / 汤志伟 / 蔡昌宪 / 刘宜静 / 温升豪 / 中国台湾 / 连奕琦 / 45-52分钟 / 华灯初上 第二季 / 剧情 / 爱情 / 犯罪 / 杜政哲 Ryan Tu / 洪立妍 Liyan Hong / 林绍谦 Jaxton Lin / 汉语普通话,https://movie.douban.com/subject/35550794/,4
57,"达利和土豆汤 / 달리와 감자탕
                             / Dal Ri and Gamjatang",2021-12-23,2021-09-22(韩国) / 朴珪瑛 / 金旻载 / 权律 / 李多斌 / 宋智媛 / 朴栖含 / 李东源 / 郑因成 / 金智勋 / 韩国 / program.kbs.co.kr/2tv/drama/dali/ / 李政燮 / 50分钟 / 达利和土豆汤 / 爱情 / 孙恩惠 / 朴世恩 / 韩语,https://movie.douban.com/subject/35342031/,5
58,"法兰西特派 / The French Dispatch
                             / 法兰西诸事周报(港) / 法兰西特派周报(台)",2021-12-23,2021-07-12(戛纳电影节) / 2021-10-22(美国) / 2021-12-14(美国网络) / 本尼西奥·德尔·托罗 / 艾德里安·布洛迪 / 蒂尔达·斯文顿 / 蕾雅·赛杜 / 弗兰西斯·麦克多蒙德 / 蒂莫西·柴勒梅德 / 琳娜·库德里 / 杰弗里·怀特 / 马修·阿马立克 / 斯蒂夫·朴 / 比尔·默瑞 / 欧文·威尔逊 / 鲍勃·巴拉班 / 亨利·温克勒 / 罗伊丝·史密斯 / 托尼·雷沃罗利 / 德尼·梅诺谢 / 拉里·派恩 / 莫嘉娜·波兰斯基 / 费利克斯·莫阿蒂 / 克里斯托弗·瓦尔兹 / 塞西尔·德·弗朗斯 / 圭洛姆·加里尼 / 鲁伯特·弗兰德 / 埃里克斯·劳瑟 / 莉莉·塔耶布 / 斯特凡·巴克 / 伊波利特·吉拉尔多 / 列维·施瑞博尔 / 威廉·达福 / 爱德华·诺顿 / 西尔莎·罗南 / 达米安·勃纳尔 / 罗多尔·保利 / 安东尼娅·德斯普拉特 / 伊丽莎白·莫斯 / 詹森·舒瓦兹曼 / 费舍·史蒂芬斯 / 格里芬·邓恩 / 巴勃罗·保利 / 华莱士·沃洛达斯基 / 安杰丽卡·贝蒂·费利尼 / 安杰丽卡·休斯顿 / 尼古拉·萨阿达 / 托希布·吉莫 / 樊尚·马凯涅 / 本杰明·拉维赫尼 / 山姆·海加斯 / 塞缪尔·布伦金 / 尼古拉斯·克劳彻 / 格雷戈瓦·勒普兰斯-林盖 / 美国 / 德国 / 韦斯·安德森 / 108分钟 / 法兰西特派 / 剧情 / 喜剧 / 韦斯·安德森 Wes Anderson / 罗曼·科波拉 Roman Coppola / 雨果·吉尼斯 Hugo Guinness / 詹森·舒瓦兹曼 Jason Schwartzman / 英语 / 法语,https://movie.douban.com/subject/30300279/,3
59,"蜘蛛侠：英雄无归 / Spider-Man: No Way Home
                             / 新蜘蛛侠3 / 蜘蛛侠：无回之战",2021-12-22,2021-12-15(中国台湾) / 2021-12-17(美国) / 汤姆·赫兰德 / 赞达亚 / 本尼迪克特·康伯巴奇 / 雅各布·巴特朗 / 托比·马奎尔 / 安德鲁·加菲尔德 / 玛丽莎·托梅 / 乔恩·费儒 / 本尼迪克特·王 / 威廉·达福 / 阿尔弗雷德·莫里纳 / 托马斯·哈登·丘奇 / 杰米·福克斯 / 瑞斯·伊凡斯 / J·K·西蒙斯 / 查理·考克斯 / 安格瑞·赖斯 / 托尼·雷沃罗利 / 宝拉·纽瑟姆 / 汉尼拔·布勒斯 / 马丁·斯塔尔 / J·B·斯穆夫 / 哈龙·汗 / 本·范德梅 / 加里·维克斯 / 马洛里·霍夫 / 里贾纳·陈婷 / 格伦·基奥 / 帕丽丝·本杰明 / 朱万达斯·坎迪斯 / 泰勒·圣克莱尔 / 小豪尔赫·兰登伯格 / 何塞·阿尔弗雷多·费尔南德斯 / 约翰尼·塞雷 / 罗伯特·廷斯利 / 哈里·赫兰德 / 汤姆·哈迪 / 克里斯托·费尔南德斯 / 布莱德利·瑞安·奈斯贝尔 / 阿里安·莫耶德 / 美国 / 乔·沃茨 / 148分钟 / 蜘蛛侠：英雄无归 / 动作 / 科幻 / 冒险 / 克里斯·麦克纳 Chris McKenna / 埃里克·萨默斯 Erik Sommers / 斯坦·李 Stan Lee / 史蒂夫·迪特寇 Steve Ditko / 英语 / 他加禄语,https://movie.douban.com/subject/26933210/,3
60,"妖猫传
                             / 沙门空海 / 沙门空海之大唐鬼宴",2021-12-12,2017-12-22(中国大陆) / 2018-02-24(日本) / 黄轩 / 染谷将太 / 张雨绮 / 秦昊 / 张榕容 / 刘昊然 / 欧豪 / 张鲁一 / 阿部宽 / 田雨 / 刘佩琦 / 辛柏青 / 成泰燊 / 李淳 / 秦怡 / 松坂庆子 / 张天爱 / 周中和 / 火野正平 / 夏楠 / 陈旭 / 王迪 / 宋运成 / 铃木美妃 / 刘波 / 福井诗织 / 张也 / 茅菁 / 高桥一生 / 东出昌大 / 花泽香菜 / 吉田羊 / 泽城美雪 / 早见沙织 / 山寺宏一 / 尾形一成 / 六角精儿 / 宽一郎 / 六平直政 / 金田明夫 / 李恬洁 / 姜来 / 小林亲弘 / 刘国华 / 赵梅雅 / 张磊 / 杨天翔 / 韩慧敏 / 中国大陆 / 日本 / 陈凯歌 / 129分钟(中国大陆) / 132分钟(日本) / 剧情 / 悬疑 / 奇幻 / 古装 / 王蕙玲 Hui-Ling Wang / 陈凯歌 Kaige Chen / 梦枕貘 Baku Yumemakura / 汉语普通话 / 日语,https://movie.douban.com/subject/5350027/,3
61,"华灯初上 / 華燈初上
                             / 华灯初上 第一季 / 华灯初上1",2021-12-03,2021-11-26(中国台湾) / 林心如 / 杨谨华 / 杨祐宁 / 凤小岳 / 张轩睿 / 刘品言 / 谢琼煖 / 谢欣颖 / 郭雪芙 / 江宜蓉 / 胡玮杰 / 章广辰 / 谢雨芝 / 刘敬 / 霍建华 / 郑元畅 / 王柏杰 / 修杰楷 / 李李仁 / 加贺美智久 / 屈中恒 / 林暐恒 / 任容萱 / 许光汉 / 沈孟生 / 王月 / 温升豪 / 蔡君茹 / 马念先 / 海裕芬 / 钟承翰 / 陈博正 / 范瑞君 / 林哲熹 / 宋柏纬 / 应采灵 / 北村丰晴 / 郭文颐 / 吴昆达 / 林柏宏 / 王渝萱 / 林禹 / 朱宥丞 / 中国台湾 / 连奕琦 / 46分钟 / 华灯初上 / 剧情 / 爱情 / 犯罪 / 悬疑 / 杜政哲 Ryan Tu / 洪立妍 Liyan Hong / 林绍谦 Jaxton Lin / 汉语普通话,https://movie.douban.com/subject/34607516/,4
62,"地狱公使 / 지옥
                             / 地狱 / 地狱使者",2021-11-28,2021-11-19(韩国) / 刘亚仁 / 金贤珠 / 朴正民 / 元真儿 / 梁益准 / 李来 / 金度允 / 金信禄 / 刘庆秀 / 切斯·玛瑟尔 / 哈里森·徐 / 维多利亚·格蕾丝 / 朴相勋 / 元美媛 / 金圭白 / 李言廷 / 车始元 / 边书允 / 朴正表 / 金诗荷 / 宋智贤 / 许明行 / 林炯局 / 韩国 / 延尚昊 / 50分钟 / 地狱公使 / 奇幻 / 恐怖 / 延尚昊 Sang-ho Yeon / 崔圭硕 / 韩语,https://movie.douban.com/subject/34974555/,3
63,"沙丘 / Dune
                             / 沙丘瀚战(港) / Dune: Part One",2021-11-06,2021-09-03(威尼斯电影节) / 2021-09-11(多伦多电影节) / 2021-10-22(美国/中国大陆) / 蒂莫西·柴勒梅德 / 丽贝卡·弗格森 / 奥斯卡·伊萨克 / 戴夫·巴蒂斯塔 / 赞达亚 / 杰森·莫玛 / 乔什·布洛林 / 哈维尔·巴登 / 斯特兰·斯卡斯加德 / 夏洛特·兰普林 / 大卫·达斯马齐连 / 莎伦·邓肯-布鲁斯特 / 斯蒂芬·亨德森 / 迈克尔·纳尔多内 / 张震 / 巴布斯·奥卢桑莫昆 / 奥利弗·瑞安 / 查理·罗尔斯 / 格洛里亚·奥比安约 / 保罗·布林 / 比约恩·弗赖贝格 / 美国 / www.dunemovie.net / 丹尼斯·维伦纽瓦 / 156分钟 / 沙丘 / 剧情 / 科幻 / 冒险 / 丹尼斯·维伦纽瓦 Denis Villeneuve / 乔·斯派茨 Jon Spaihts / 艾瑞克·罗斯 Eric Roth / 弗兰克·赫伯特 Frank Herbert / 英语 / 汉语普通话,https://movie.douban.com/subject/3001114/,4
64,"007：无暇赴死 / No Time to Die
                             / 007：生死有时(港) / 007：生死交战(台)",2021-10-29,2021-09-30(英国) / 2021-10-08(美国) / 2021-10-29(中国大陆) / 丹尼尔·克雷格 / 拉米·马雷克 / 蕾雅·赛杜 / 安娜·德·阿玛斯 / 拉什纳·林奇 / 拉尔夫·费因斯 / 本·卫肖 / 丽莎-朵拉·桑尼 / 娜奥米·哈里斯 / 罗里·金尼尔 / 杰弗里·怀特 / 比利·马格努森 / 克里斯托弗·瓦尔兹 / 大卫·丹席克 / 达利·本萨拉赫 / 休·丹尼斯 / 普莉安卡·伯福德 / 皮奥·阿马托 / 贾文・普林斯 / 艾米·摩根 / 洛德斯·法比尔斯 / 菲利普·菲尔玛 / Raymond Waring / 可可·萨姆纳 / 戈登·亚历山大 / 戴维·奥拉瓦莱·阿印德 / 安德鲁·G·奥格尔比 / 吉安尼·卡尔切蒂 / 通恰伊·古奈什 / 泰·赫尔利 / 拉普洛斯·卡伦福佐斯 / 马里安·洛伦西克 / 朱利安·费罗 / Ben Collins / 英国 / 美国 / 凯瑞·福永 / 163分钟 / 007：无暇赴死 / 动作 / 惊悚 / 冒险 / 尼尔·珀维斯 Neal Purvis / 罗伯特·韦德 Robert Wade / 凯瑞·福永 Cary Fukunaga / 菲比·沃勒-布里奇 Phoebe Waller-Bridge / 伊恩·弗莱明 Ian Fleming / 英语 / 法语 / 意大利语 / 俄语 / 西班牙语,https://movie.douban.com/subject/20276229/,3
65,"血色天劫 / Blood Red Sky
                             / 血红天空 / 血色天空",2021-10-15,2021-07-24(德国) / 佩莉·鲍麦斯特 / 卡尔·安东·科赫 / 亚历山大·谢尔 / 凯斯·塞蒂 / 戈登·布朗 / 多米尼克·珀塞尔 / 格拉汉姆·麦克泰维什 / 凯·伊沃·保利兹 / 罗兰·默勒 / 奇迪·阿朱福 / Jan Loukota / Leonie Brill / 戴维胡滕 / 阿德里安娜·阿尔塔拉斯 / Jörg Bundschuh / Ralph Gassmann / 吉姆·海伊 / 沃尔夫冈·迈克尔 / 丹尼斯·莱昂斯 / 德国 / 美国 / 彼得·图万斯 / 121分钟 / 血色天劫 / 动作 / 惊悚 / 恐怖 / 彼得·图万斯 Peter Thorwarth / Stefan Holtz / 德语 / 英语,https://movie.douban.com/subject/27179288/,2
66,"致命女人 第二季 / Why Women Kill Season 2
                             / 女人为何杀人 / 女人杀人为哪般",2021-10-12,2021-06-03(美国) / 艾莉森·托尔曼 / 拉娜·帕瑞娅 / B·K·加农 / 尼克·弗罗斯特 / 乔丹·克里斯蒂 / 马修·达达里奥 / 维罗尼卡·法尔孔 / 丹尼尔·扎卡帕 / 艾琳·加林多 / 维吉尼亚·威廉姆斯 / 朗迪·里德 / 雷切尔·贝·琼斯 / 辛西娅·魁尔斯 / 凯莉·奥马利 / 戴金·马修斯 / 美国 / 大卫·沃伦 / 詹妮弗·盖辛格 / 伊娃·朗格利亚 / 拉里·肖 / 乔安娜·科恩斯 / 梅勒妮·梅隆 / 致命女人 / 50分钟 / 致命女人 / 剧情 / 喜剧 / 犯罪 / 马克·切利 Marc Cherry / 乔·基南 Joe Keenan / 乔舒亚·迈克尔·斯坦 Joshua Michael Stern / 汉娜·施耐德 Hannah Schneider / 玛丽·伊丽莎白·汉密尔顿 Mary Elizabeth Hamilton / 斯泰西·哈曼 Stacey Harman / 柯蒂斯·凯尔 Curtis Kheel / 奥斯汀·古兹曼 Austin Guzman / 英语,https://movie.douban.com/subject/34859070/,4
67,"海岸村恰恰恰 / 갯마을 차차차
                             / 洪班长 / 海村恰恰恰",2021-10-12,2021-08-28(韩国) / 申敏儿 / 金宣虎 / 李相二 / 金英玉 / 赵汉哲 / 孔敏晶 / 李凤莲 / 印乔镇 / 车清华 / 姜亨硕 / 李容怡 / 申仙爱 / 尹硕贤 / 金周妍 / 洪智熙 / 金成范 / 徐尚沅 / 禹美华 / 朴艺荣 / 李世亨 / 金敏瑞 / 奇恩侑 / 高度妍 / 边胜泰 / 金贤佑 / 吴艺珠 / 金智贤 / 吴义植 / 李姃垠 / 裴海善 / 洪仁雅 / 文成贤 / 沈珍华 / 韩国 / 柳济元 / 75分钟 / 海岸村恰恰恰 / 剧情 / 爱情 / 申夏恩 Ha-eun Sin / 韩语,https://movie.douban.com/subject/35296153/,4
68,"致命感应 / Malignant
                             / 恶煞(港) / 疾厄(台)",2021-10-12,2021-09-01(法国) / 2021-09-10(美国) / 安娜贝拉·沃丽丝 / 麦蒂·哈森 / 吴宇卫 / 米歇尔·沃特 / 麦肯娜·格瑞丝 / 珍·路易莎·凯利 / 苏珊娜·汤姆森 / 杰克·阿贝尔 / 杰奎琳·麦根斯 / 克里斯蒂安·克莱门松 / 梅塞德斯·科隆 / 英格丽•温 / 乔恩·李·布罗迪 / 保拉·马绍尔 / 佐伊·贝尔 / 娜塔莉·萨福兰 / 迈克·门德兹 / 雷·蔡斯 / 帕翠西娅·维拉奎兹 / 麦迪逊·沃尔夫 / 安迪·比恩 / 帕特里克·考克斯 / 蕾妮·戴蒙德 / 玛丽娜·马泽帕 / 基诺·蒙特斯诺斯 / 阿米尔·阿布莱拉 / 肖特·丽奈特·约翰逊 / 杰苏斯·特鲁希略 / 鲁本·普拉 / 丹·拉莫斯 / 丽莎·卡塔拉 / 美国 / 中国大陆 / 温子仁 / 112分钟 / 108分钟(中国网络) / 致命感应 / 悬疑 / 恐怖 / 阿克拉·库珀 Akela Cooper / 温子仁 James Wan / 英格丽·比苏 Ingrid Bisu / 英语,https://movie.douban.com/subject/25909236/,3
69,"窗里的女人 / The Woman in the Window
                             / 窥密(港) / 窥探(台)",2021-10-10,2021-05-14(美国网络) / 艾米·亚当斯 / 加里·奥德曼 / 安东尼·麦凯 / 朱丽安·摩尔 / 詹妮弗·杰森·李 / 怀亚特·拉塞尔 / 弗莱德·赫钦格 / 布莱恩·泰里·亨利 / 珍妮·塞拉尔斯 / 莉莎·科伦-扎亚斯 / 安娜‧卡梅隆 / 本杰明·杰伊·戴维斯 / 阿曼达·拉比诺维茨 / 崔西·莱茨 / 马塞拉·伦茨·波普 / 黛安·德恩 / 美国 / 乔·赖特 / 101分钟 / 窗里的女人 / 剧情 / 犯罪 / 悬疑 / 惊悚 / 丹·马勒里 Dan Mallory / 崔西·莱茨 Tracy Letts / 英语,https://movie.douban.com/subject/30180126/,3
70,"罪人 / The Guilty
                             / 罪人美国版 / 接线追缉(港/台)",2021-10-03,2021-09-11(多伦多电影节) / 2021-10-01(美国网络) / 杰克·吉伦哈尔 / 伊桑·霍克 / 丽莉·吉欧 / 彼得·萨斯加德 / 保罗·达诺 / 克里斯蒂娜·怀道尔 / 伊莱·格里 / 达明·乔伊·伦道夫 / 大卫·卡斯塔尼达 / 阿德里安·马丁斯 / 贝基·吴 / 博·纳普 / 艾迪·帕特森 / 吉莲·珍塞尔 / T.J.若托罗 / 比尔·伯尔 / 迪伦·兰恩 / 玛琳娜·福特 / 维维恩·莱拉·布莱尔 / 拜伦·鲍尔斯 / 美国 / 安东尼·福奎阿 / 90分钟 / 罪人 / 剧情 / 犯罪 / 惊悚 / 尼克·皮佐拉托 Nic Pizzolatto / 古斯塔夫·莫勒 Gustav Möller / 埃米尔·尼加德·阿尔伯森 Emil Nygaard Albertsen / 英语,https://movie.douban.com/subject/30400539/,4
71,"不眠 第一季 / Vigil Season 1
                             / 不眠 / 守夜号",2021-09-24,2021-08-29(英国) / 苏兰·琼斯 / 肖恩·埃文斯 / 露丝·莱斯利 / 亚当·詹姆斯 / 卡尔·马卡宁奇 / 康纳·斯温德尔 / 马丁·康普斯顿 / 汤姆·吉尔 / 奥拉·拉塞尔 / 吉姆·斯图格恩 / 洛恩·麦克菲登 / 露易丝·奇米巴 / 丹尼尔·波特曼 / 佩特逊·约瑟夫 / 安佳丽·莫辛德拉 / 斯蒂芬·迪兰 / 加里·刘易斯 / 劳伦·莱尔 / 洛丽塔·查卡巴蒂 / 波比·瑞恩斯伯里 / 克里斯蒂安·奥尔特加 / 帕斯·萨克勒 / 李丹 / 斯特芬·马克尔 / 奥利弗·兰斯利 / 泰蕾兹·布拉德利 / 托伦·弗格森 / 莱恩·哥顿 / Anita Vettesse / 英国 / 詹姆斯·斯特朗 / 伊莎贝尔·西博 / 不眠 / 60分钟 / 不眠 / 剧情 / 犯罪 / 惊悚 / 汤姆·艾吉 Tom Edge / 钱德尼·拉哈尼 / 埃德·麦克唐纳 / 乔治·阿扎-塞林格 / 英语,https://movie.douban.com/subject/34953711/,4
72,"老去 / Old
                             / 诡老(台) / 归老(豆友译名)",2021-09-21,2021-07-21(法国) / 2021-07-23(美国) / 盖尔·加西亚·贝纳尔 / 薇姬·克里普斯 / 卢夫斯·塞维尔 / 亚历克斯·沃尔夫 / 托马辛·麦肯齐 / 阿比·丽 / 妮基·阿姆卡-伯德 / 梁振邦 / 伊莱扎·斯坎伦 / 亚伦·皮埃尔 / 艾伯丝·戴维兹 / 埃蒙·埃利奥特 / 亚历克莎·斯温顿 / 古斯塔夫·汉马斯顿 / 凯思琳·查尔方特 / 弗朗西斯卡·伊斯特伍德 / M·奈特·沙马兰 / 马修·希尔 / 杰弗里·霍尔斯曼 / 玛格·达·席尔瓦 / 亚历杭德拉·乌斯切 / 美国 / M·奈特·沙马兰 / 108分钟 / 老去 / 剧情 / 悬疑 / 惊悚 / 恐怖 / M·奈特·沙马兰 M. Night Shyamalan / 皮埃尔·莱维 Pierre Levy / Frederik Peeters / 英语,https://movie.douban.com/subject/35017064/,3
73,"鱿鱼游戏 第一季 / 오징어 게임
                             / 第六轮 / Squid Game",2021-09-21,2021-09-17(韩国) / 李政宰 / 朴海秀 / 魏嘏隽 / 孔刘 / 李秉宪 / 吴永洙 / 郑浩妍 / 许成泰 / 金周灵 / 李瑜美 / 阿努帕姆·特里帕蒂 / 金英玉 / 金范来 / 李书焕 / 金英善 / 朴惠珍 / 姜末琴 / 杰弗里·朱利亚诺 / 约翰 D.迈克斯 / 丹尼尔·C·肯尼迪 / 李政俊 / 许栋元 / 林基雄 / 斯蒂芬妮·小村 / 刘成柱 / 洪佑镇 / 朴智勋 / 韩国 / 黄东赫 / 鱿鱼游戏 / 60分钟 / 鱿鱼游戏 第一季 / 悬疑 / 惊悚 / 黄东赫 Dong-hyuk Hwang / 韩语 / 英语 / 乌尔都语 / 汉语普通话,https://movie.douban.com/subject/34812928/,4
74,"偷窥者 / The Voyeurs
                             / 偷窥成魔",2021-09-17,2021-09-10(美国网络) / 西德妮·斯威尼 / 贾斯蒂斯·史密斯 / 本·哈迪 / 刘承羽 / 凯特·亚历山大 / 美国 / 迈克尔·莫汉 / 116分钟 / 偷窥者 / 惊悚 / 迈克尔·莫汉 Michael Mohan / 英语,https://movie.douban.com/subject/34981939/,4
75,"致命点击 / Clickbait
                             / 标题党 / 点击诱饵",2021-09-16,2021-08-25(美国) / 佐伊·卡赞 / 贝蒂·加布里埃尔 / 菲尼克斯·拉伊 / 艾德里安·格尼尔 / 卡梅隆·恩格斯 / 杰琳·弗莱彻 / 伊恩 麦杜思 / 伊丽莎白·亚历山大 / 亚伯拉罕·林 / 贝卡·利什 / 杰西卡·科林斯 / 斯蒂夫·莫察基斯 / Kate Lister / 瑞妮·林 / 丹尼尔·亨绍尔 / 沃利·邓恩 / 托德·列维 / 杰米·提莫尼 / 黛博拉·劳伦斯 / 苏·希尔 / 乔丹·杜力乌 / 迈克尔·M·福斯特 / 詹姆斯·D·韦斯顿二世 / 吉莉安·阮 / 泰勒·弗格森 / 澳大利亚 / 美国 / 布拉德·安德森 / 艾玛·弗里曼 / 本·扬 / 切瑞·诺兰 / 标题党 / 50分钟 / 致命点击 / 剧情 / 犯罪 / 悬疑 / 惊悚 / 托尼·艾尔斯 Tony Ayres / 克里斯蒂安·怀特 Christian White / 皮特·麦克蒂赫 Pete McTighe / 梅丽莎·斯克里夫纳·勒沃 / 布拉德福德·温特斯 Bradford Winters / 英语,https://movie.douban.com/subject/34805719/,4
76,"厄运假期 / Beckett
                             / 凶险假期(港) / 贝克特",2021-09-06,2021-08-13(美国网络) / 约翰·大卫·华盛顿 / 艾丽西亚·维坎德 / 波伊德·霍布鲁克 / 薇姬·克里普斯 / 约戈斯·皮尔帕索珀罗斯 / 帕诺斯·科罗尼斯 / 玛丽亚·沃提 / 意大利 / 巴西 / 希腊 / 美国 / 费迪南多·西托·菲洛马里诺 / 109分钟 / 厄运假期 / 动作 / 犯罪 / 惊悚 / 费迪南多·西托·菲洛马里诺 Ferdinando Cito Filomarino / Kevin A. Rice / 英语,https://movie.douban.com/subject/33423672/,4
77,"失控玩家 / Free Guy
                             / 分身人 / 爆机自由仁(港)",2021-09-06,2021-08-10(洛迦诺电影节) / 2021-08-13(美国) / 2021-08-27(中国大陆) / 瑞安·雷诺兹 / 朱迪·科默 / 乔·基瑞 / 里尔·莱尔·哈瓦瑞 / 塔伊加·维迪提 / 乌特卡什·安邦德卡尔 / 查宁·塔图姆 / 休·杰克曼 / 道恩·强森 / 克里斯·埃文斯 / 约翰·卡拉辛斯基 / 蒂娜·菲 / 卡米尔·科斯塔克 / 布丽特妮·欧德福特 / 肯尼斯·以色列 / 亚历克斯·崔贝克 / 劳拉·斯宾塞 / 马修·卡德罗普 / 迈克尔·陶 / 野村祐人 / Raj Jawa / 何塞·冈斯·阿尔维斯 / 欧文·伯克 / 加布里埃尔·洛莱斯 / 雷吉纳·托芬 / 珍妮尔·费格利 / 泰特·弗莱彻 / 香农·哈特曼 / 金伯利·豪威 / 亚伦·W·里德 / 阿纳斯塔西亚·齐卡那瓦 / 大卫·莫威克 / 阿德里安·M·蒙波因特 / 多梅尼克·阿尔迪诺 / 美国 / 加拿大 / 肖恩·利维 / 115分钟 / 失控玩家 / 喜剧 / 动作 / 科幻 / 马特·利伯曼 Matt Lieberman / 扎克·佩恩 Zak Penn / 英语,https://movie.douban.com/subject/30337388/,3
78,"文森佐 / 빈센조
                             / 黑道律师文森佐 / 漩涡",2021-08-29,2021-02-20(韩国) / 宋仲基 / 全余赟 / 玉泽演 / 刘在明 / 郭东延 / 金汝珍 / 赵汉哲 / 徐艺华 / 杨景元 / 崔德门 / 尹炳熙 / 金允慧 / 李杭娜 / 金英熊 / 尹福仁 / 崔英俊 / 金圣喆 / 全国香 / 车顺裴 / 李澾 / 任哲秀 / 姜彩民 / 权胜宇 / 杨承元 / 利禹镇 / 金炯默 / 金瑟镇 / 郑智允 / 尹敬浩 / 姜义植 / 高尚镐 / 金施宇 / 罗哲 / 金泰勋 / 刘永福 / 李惠静 / 吴承灿 / 权泰元 / 徐进元 / 洪瑞俊 / 安昌焕 / 李东国 / 金王根 / 丹尼尔·乔伊·奥尔布赖特 / 黄灿盛 / 安德烈亚斯·弗龙克 / 郑顺元 / 陈善圭 / 全镇吾 / 郑英珠 / 李熙俊 / 尼查坤·抔勒威查固 / 郑旭珍 / 全镇基 / 李钟允 / 李璟荣 / 文成贤 / 金恩锡 / 林成宰 / 申秀贤 / 金雨珍 / 保罗·巴特尔 / 韩国 / 金希元 / 80分钟 / 文森佐 / 剧情 / 喜剧 / 动作 / 爱情 / 朴才范 Jae-bum Park / 韩语,https://movie.douban.com/subject/35131278/,5
79,"秘密森林2 / 비밀의숲2
                             / 秘密森林 第二季 / Stranger2",2021-07-29,2020-08-15(韩国) / 曹承佑 / 裴斗娜 / 李浚赫 / 尹世雅 / 崔武成 / 全慧珍 / 朴成根 / 金英在 / 朴知妍 / 李海荣 / 郑成日 / 全裴修 / 崔载雄 / 宋智浩 / 太仁镐 / 徐进元 / 姜智久 / 罗哲 / 任哲秀 / 吕运福 / 陈昭妍 / 柳成禄 / 千贞河 / 朴成日 / 刘在明 / 李奎炯 / 金范洙 / Won-cheol Kwon / 金东辉 / 朴正表 / 刘仁秀 / 金贵先 / 崔嬉序 / 李彩京 / 吴庆柱 / 韩国 / program.tving.com/tvn/stranger2/0 / 朴铉锡 / 秘密森林 / 60分钟 / 秘密森林2 / 剧情 / 犯罪 / 悬疑 / 李秀妍 Soo-yeon Lee / 韩语,https://movie.douban.com/subject/34815544/,4
80,"机智医生生活 第二季 / 슬기로운 의사생활 시즌2
                             / 机智的医生生活第二季 / Wise Doctor Life 2",2021-07-29,2021-06-17(韩国) / 曹政奭 / 柳演锡 / 郑敬淏 / 金大明 / 田美都 / 河允庆 / 赵仁 / 金赫拉 / 尹相贞 / 金圭白 / 金秀京 / 洪佑镇 / 李春声 / 崔英俊 / 全光镇 / 柳延锡 / 奇昭侑 / 安泰琳 / 金江珉 / 金范洙 / 朴知妍 / 李奎炯 / 申贤彬 / 安恩真 / 延诗宇 / 刘在明 / 丁文晟 / 金知星 / 韩国 / 申元浩 / 90分钟 / 机智医生生活 第二季 / 剧情 / 李祐汀 Woo-Jeong Lee / 韩语,https://movie.douban.com/subject/35049544/,5
81,"王国：北方的阿信 / 킹덤：아신전
                             / 王国：阿信传 / 尸战朝鲜：雅信传(港/台)",2021-07-26,2021-07-23(韩国) / 全智贤 / 朴炳垠 / 金诗雅 / 金雷夏 / 具教焕 / Won-cheol Kwon / 朴承贤 / 韩国 / 金成勋 / 94分钟 / 王国：北方的阿信 / 剧情 / 恐怖 / 古装 / 金银姬 Eun-hee Kim / 韩语,https://movie.douban.com/subject/35151297/,4
82,"故地之灵 / Иччи
                             / Ich-chi",2021-06-15,2020-09-09(里斯本国际恐怖电影节) / 2021-05-27(俄罗斯) / 俄罗斯 / 科斯塔斯·马尔桑 / 87分钟 / 故地之灵 / 恐怖 / Oleg Bogatov / Konstantin Danilov / Pavel Poluichik / Artem Zolotarev / 俄语,https://movie.douban.com/subject/35447842/,3
83,"解救吾先生
                             / 最强对手 / Saving Mr. Wu",2021-06-14,2015-09-26(丝绸之路电影节) / 2015-09-30(中国大陆) / 刘德华 / 刘烨 / 王千源 / 吴若甫 / 林雪 / 赵小锐 / 李梦 / 蔡鹭 / 陆彭 / 余皑磊 / 郭洺宇 / 钟艺 / 巩承琪 / 刘然 / 陈九涵 / 刘頔 / 金彧亮 / 那威 / 马思纯 / 王铮 / 桑平 / 中国大陆 / 丁晟 / 106分钟 / 剧情 / 犯罪 / 丁晟 Sheng Ding / 汉语普通话,https://movie.douban.com/subject/25798448/,4
84,"战时无旁 / Des Hommes
                             / Home Front",2021-06-14,2020-08-31(昂古莱姆法语电影节) / 2021-06-02(法国) / 热拉尔·德帕迪约 / 凯瑟琳·弗洛 / 让-皮埃尔·达鲁森 / 约恩·齐默 / 法国 / 卢卡斯·贝尔沃克斯 / 101分钟 / 战时无旁 / 剧情 / 历史 / 约西姆·拉弗塞 Joachim Lafosse / Laurent Mauvignier / 法语,https://movie.douban.com/subject/30428136/,3
85,当农场燃烧时 / When A Farm Goes Aflame,2021-06-12,2021-03(柏林电影节) / 德国 / 杰德·汤姆·阿金莱米奴 / 111分钟 / 当农场燃烧时 / 纪录片 / Jide Tom Akinleminu / 丹麦语 / 英语 / 约鲁巴语,https://movie.douban.com/subject/35342543/,4
86,"前程似锦的女孩 / Promising Young Woman
                             / 超犀女王(港) / 花漾女子(台)",2021-06-11,2020-01-25(圣丹斯电影节) / 2020-12-25(美国) / 凯瑞·穆里根 / 博·伯翰 / 爱丽森·布里 / 拉弗恩·考克斯 / 克兰西·布朗 / 詹妮佛·库里奇 / 克里斯托夫·梅兹-普莱瑟 / 莫莉·香侬 / 斯利姆·克什里 / 山姆·理查森 / 斯蒂夫·蒙罗埃 / 亚当·布罗迪 / 康妮·布里登 / 阿尔弗雷德·莫里纳 / 马克思·格林菲尔德 / 克里斯·劳威尔 / 詹妮尔·麦基 / 雷·尼科尔森 / 斯嘉丽·斯宾塞 / 艾莉·哈特 / 弗朗西斯卡·埃斯特韦斯 / 蒂莫西 E.古德温 / 安吉拉·周 / 布莱恩·利利斯 / 加布里埃尔欧利华 / 洛伦保罗 / 戴维·瑞德 / 比比·博克斯 / 埃默拉尔德·芬内尔 / 英国 / 美国 / 埃默拉尔德·芬内尔 / 113分钟 / 前程似锦的女孩 / 剧情 / 犯罪 / 惊悚 / 埃默拉尔德·芬内尔 Emerald Fennell / 英语,https://movie.douban.com/subject/30450313/,4
87,"东城梦魇 / Mare of Easttown
                             / 东镇梦魇 / 东城的梅尔",2021-06-06,2021-04-18(美国) / 凯特·温丝莱特 / 埃文·彼得斯 / 朱丽安妮·尼科尔森 / 珍·斯马特 / 安格瑞·赖斯 / 盖·皮尔斯 / 杰克·马赫恩 / 索茜·贝肯 / 麦肯齐·兰辛 / 卡莉·史派妮 / 约翰·道格拉斯·汤普森 / 卡梅隆·曼 / 乔·蒂皮特 / 伊兹·金 / 贾斯汀·赫特·邓克利 / 大卫·丹曼 / 尼尔·哈夫 / 詹姆斯·麦卡德尔 / 露比·克鲁兹 / 科迪·科斯特罗 / 伊内徳·格兰汉姆 / 帕特里克·麦克戴德 / 德鲁·谢伊德 / 马德琳·温斯坦 / 帕特里夏A.默克 / 黛比·坎贝尔 / 内德·艾森伯格 / 黛博拉赫德瓦尔 / 萨沙·弗若洛娃 / 菲利斯·萨莫维尔 / 伊萨·戴维斯 / 布莱恩·加拉格尔 / 柴纳萨·奥格布阿古 / 卡西·蒙德亨克 / 帕特里克·默尼 / 罗比·坦恩 / 凯·麦基南 / 埃里克·米勒 / 布鲁克·斯泰茜·米尔斯 / 瓦妮塔·卡拉 / 安东尼·诺曼 / 美国 / 克雷格·卓贝 / 东城的梅尔 / 60分钟 / 东城梦魇 / 剧情 / 犯罪 / 悬疑 / 布拉德·英格尔斯比 Brad Ingelsby / 英语,https://movie.douban.com/subject/30441731/,5
88,"寂静之地2 / A Quiet Place: Part II
                             / 无声绝境II(港) / 噤界II(台)",2021-06-05,2021-05-28(中国大陆/美国) / 艾米莉·布朗特 / 基里安·墨菲 / 米利森特·西蒙兹 / 诺亚·尤佩 / 约翰·卡拉辛斯基 / 杰曼·翰苏 / 奥基里特·奥诺多瓦 / 斯科特·麦克纳里 / 扎卡里·戈林格 / 布莱克·德隆 / 加里·桑当 / 阿什利·戴克 / 韦恩·杜瓦尔 / 克兹托夫·克里斯·马杜拉 / 芭芭拉·辛格 / 迪安·伍德沃德 / 塞拉斯·佩雷拉-奥尔森 / 大卫·伦迪 / 乔·卡佩利 / 丽兹·卡梅隆 / 卡德罗莎·奥娜·卡罗尔 / 罗伯特·A·科尔迪科特 / 迈克尔·艾伦·科莱特 / 查德·科尔比 / 艾丽丝·索菲·马尔尤科娃 / 克丽斯塔莉丝·博尼拉 / 美国 / 约翰·卡拉辛斯基 / 97分钟 / 寂静之地2 / 科幻 / 惊悚 / 恐怖 / 约翰·卡拉辛斯基 John Krasinski / 斯科特·贝克 Scott Beck / 布莱恩·伍兹 Bryan Woods / 英语,https://movie.douban.com/subject/30206311/,3
89,"老友记重聚特辑 / Friends: The Reunion
                             / 六人行：当我们又在一起(台) / Friends Reunion Special",2021-05-28,2021-05-27(美国网络) / 詹妮弗·安妮斯顿 / 柯特妮·考克斯 / 马修·派瑞 / 大卫·休默 / 丽莎·库卓 / 马特·勒布朗 / 瑞茜·威瑟斯彭 / Lady Gaga / 大卫·贝克汉姆 / 贾斯汀·比伯 / 詹姆斯·柯登 / 辛迪·克劳馥 / 卡拉·迪瓦伊 / 埃利奥特·古尔德 / 基特·哈灵顿 / 拉里·哈金 / 敏迪·卡灵 / 托马斯·列农 / 克里斯蒂娜·皮克勒斯 / 汤姆·塞立克 / 詹姆斯·迈克尔·泰勒 / 玛姬·惠勒 / 马拉拉·尤萨夫扎伊 / 金南俊 / 凯文·布莱特 / 玛尔塔·考夫曼 / 大卫·克拉尼 / 金硕珍 / 郑号锡 / 朴智旻 / 金泰亨 / 田柾国 / 闵玧其 / 美国 / 本·温斯顿 / 老友记重聚特辑 / 104分钟 / 98分钟(删减版) / 老友记重聚特辑 / 喜剧 / 爱情 / 大卫·克拉尼 David Crane / 玛尔塔·考夫曼 Marta Kauffman / 英语,https://movie.douban.com/subject/34908189/,5
